    1,       latitude,      longitude
     ,        12.9716,        77.5946
     ,    12.97392495,     77.6524176
     ,     12.9311856,    77.60688965
     ,     12.9140182,     77.5747463
     ,      12.975842,      77.601919
     ,     12.9757802,     77.6021117
     ,      12.973399,    77.60317055
     ,    12.98111892,    77.63670939
     ,    12.98205047,    77.63754307
     ,     12.9821938,     77.6390282
     ,    12.98065187,    77.64138249
     ,    12.97875165,    77.64088973
     ,        12.9716,        77.5946
    2,       latitude,      longitude
     ,        12.9716,        77.5946
     ,    12.97012632,    77.63969406
     ,      12.970251,      77.639137
     ,     12.9703414,    77.63871966
     ,    12.97244458,    77.63629701
     ,     12.9714965,     77.6348876
     ,    12.96565533,    77.62571716
     ,      12.961937,      77.613337
     ,      12.962004,      77.613012
     ,      12.974946,     77.6038223
     ,     12.9753356,     77.6039292
     ,     12.9753356,     77.6039292
     ,     12.9755591,     77.6025789
     ,     12.9755591,     77.6025789
     ,    12.97674656,    77.57527924
     ,     12.9697762,    77.56231795
     ,     12.9414398,     77.5454111
     ,     12.9414398,     77.5454111
     ,     12.9299276,     77.5531196
     ,     12.9047869,     77.5729311
     ,     12.9038293,     77.5749035
     ,     12.9041223,     77.5763403
     ,     12.8991624,     77.5758771
     ,       12.89155,     77.5778559
     ,     12.8927062,     77.5816906
     ,     12.8927062,     77.5816906
     ,     12.8826489,     77.5802928
     ,      12.882197,     77.5794586
     ,     12.8818289,     77.5728281
     ,     12.8823078,     77.5721041
     ,    12.87900594,    77.56734907
     ,     12.9085806,     77.5238436
     ,    12.96648166,    77.52554887
     ,    12.96383172,    77.53423874
     ,     12.9766843,     77.6004729
     ,      12.978474,      77.633046
     ,      12.977646,      77.636375
     ,    12.97787971,    77.63661025
     ,        12.9716,        77.5946
    3,       latitude,      longitude
     ,        12.9716,        77.5946
     ,     12.9500208,    77.68952344
     ,    12.94979455,     77.7014903
     ,    12.94979455,     77.7014903
     ,    12.94619895,    77.69863005
     ,    12.93404525,    77.70018035
     ,    12.93452056,    77.70111079
     ,    12.93739234,    77.70159095
     ,    12.93739234,    77.70159095
     ,      12.937305,       77.70144
     ,    12.93786224,    77.69992219
     ,    12.93922655,    77.69578445
     ,    12.93922655,    77.69578445
     ,    12.95016386,     77.6995019
     ,    12.95016386,     77.6995019
     ,    12.95191435,     77.6998021
     ,    12.95084884,    77.69784179
     ,     12.9481475,     77.6988578
     ,      12.949468,      77.695959
     ,     12.9702138,     77.6412957
     ,        12.9716,        77.5946
    4,       latitude,      longitude
     ,        12.9716,        77.5946
     ,     12.9208574,     77.6514836
     ,    12.92012591,    77.65157454
     ,     12.9160461,     77.6518627
     ,    12.91283335,    77.65180485
     ,     12.9098394,     77.6533343
     ,     12.9034033,    77.65050232
     ,    12.90351715,    77.65039225
     ,     12.9057972,      77.647075
     ,     12.9057891,      77.646318
     ,     12.9116082,     77.6301982
     ,    12.90573401,    77.60546244
     ,    12.90327475,    77.60385965
     ,    12.90327475,    77.60385965
     ,     12.9060672,     77.5923878
     ,    12.90270753,    77.59133961
     ,    12.89823992,    77.58830555
     ,    12.89823631,     77.5882648
     ,      12.892762,       77.58566
     ,    12.89807825,    77.58592415
     ,    12.89807825,    77.58592415
     ,    12.90446756,    77.58577882
     ,    12.90451855,    77.58577832
     ,     12.9128212,     77.5855952
     ,    13.04223815,     77.6136284
     ,      13.025153,     77.6108274
     ,      13.025153,     77.6108274
     ,    13.02019706,    77.65862938
     ,     13.0209502,      77.657583
     ,     13.0152717,     77.6960537
     ,     13.0152717,     77.6960537
     ,      13.013405,     77.6956903
     ,     13.0192906,     77.7055166
     ,    13.00427355,    77.70964585
     ,    13.00441755,    77.71235935
     ,    13.00441755,    77.71235935
     ,     13.0045319,    77.71830545
     ,    13.00456546,    77.71448138
     ,    13.00456163,    77.71317899
     ,    13.00451465,    77.71287832
     ,    13.00441755,    77.71235935
     ,    13.00441755,    77.71235935
     ,        12.9716,        77.5946
    5,       latitude,      longitude
     ,        12.9716,        77.5946
     ,     12.9150377,     77.6516891
     ,     12.9127747,      77.651679
     ,    12.91198415,    77.65181775
     ,     12.9121594,     77.6516733
     ,    12.91226555,     77.6518103
     ,     12.9156333,     77.6516664
     ,     12.9159968,     77.6510735
     ,       12.91859,     77.6492282
     ,      12.919489,     77.6488143
     ,     12.9199064,     77.6466365
     ,      12.921276,     77.6452718
     ,      12.921276,     77.6452718
     ,     12.9138247,     77.6648178
     ,        12.9716,        77.5946
    6,       latitude,      longitude
     ,        12.9716,        77.5946
     ,    12.97010994,    77.64472198
     ,    12.97021066,    77.64163533
     ,     12.9208574,     77.6514836
     ,     12.9208574,     77.6514836
     ,     12.9197487,    77.65428584
     ,     12.9196824,     77.6514033
     ,     12.9187861,     77.6447156
     ,     12.9175825,     77.6446659
     ,     12.9173204,      77.644636
     ,    12.91243615,     77.6482887
     ,     12.9125749,     77.6524528
     ,     12.9125749,     77.6524528
     ,     12.9160913,    77.65170675
     ,     12.9162835,     77.6519083
     ,     12.9208574,     77.6514836
     ,      12.963287,      77.647364
     ,      12.963287,      77.647364
     ,      12.963287,      77.647364
     ,      12.963287,      77.647364
     ,        12.9716,        77.5946
    7,       latitude,      longitude
     ,        12.9716,        77.5946
     ,    12.91117407,    77.59560111
     ,     12.9128212,     77.5855952
     ,     12.9128212,     77.5855952
     ,    12.91593975,     77.5858407
     ,     12.9126958,     77.5859525
     ,    12.91248795,     77.5858281
     ,     12.9060847,     77.5913386
     ,       12.90869,     77.5982671
     ,       12.90869,     77.5982671
     ,      12.920735,      77.612839
     ,    12.95454787,    77.64125584
     ,        12.9716,        77.5946
    8,       latitude,      longitude
     ,        12.9716,        77.5946
     ,    12.95109887,    77.69977544
     ,    12.94891258,    77.69939541
     ,    12.94654941,    77.69867333
     ,    12.94595925,    77.69846735
     ,      12.939614,      77.690648
     ,    12.95105552,    77.69964779
     ,    12.95224327,    77.69987306
     ,    12.95678025,    77.70106635
     ,    12.96258945,    77.70168021
     ,    12.96258945,    77.70168021
     ,      12.959869,     77.7013341
     ,      12.959869,     77.7013341
     ,     12.9634008,    77.71473445
     ,     12.9565074,     77.7046659
     ,    12.95452595,    77.70270538
     ,    12.95452595,    77.70270538
     ,    12.95452595,    77.70270538
     ,    12.95452595,    77.70270538
     ,    12.95452595,    77.70270538
     ,    12.95452595,    77.70270538
     ,    12.95452595,    77.70270538
     ,        12.9716,        77.5946
    9,       latitude,      longitude
     ,        12.9716,        77.5946
     ,    12.96048853,    77.63620796
     ,      12.958343,    77.63902789
     ,    12.97203539,    77.64062428
     ,    12.97416409,    77.63979617
     ,    12.97416409,    77.63979617
     ,        12.9716,        77.5946
   12,       latitude,      longitude
     ,        12.9716,        77.5946
     ,     12.9160913,    77.65170675
     ,     12.9749272,     77.6361305
     ,      12.971733,      77.634684
     ,    12.97421722,    77.63539048
     ,    13.00441755,    77.71235935
     ,      12.892762,       77.58566
     ,     12.9828499,    77.63743765
     ,    12.98987421,    77.55563678
     ,     12.9128212,     77.5855952
     ,    12.89807825,    77.58592415
     ,     12.8695702,     77.5854198
     ,      12.912085,     77.6488343
     ,     12.9035348,     77.6504843
     ,     12.9113482,     77.6539152
     ,     12.9121594,     77.6516733
     ,     12.9137071,      77.651623
     ,     12.9162108,     77.6514503
     ,        12.9716,        77.5946
   14,       latitude,      longitude
     ,        12.9716,        77.5946
     ,      12.962004,      77.613012
     ,    12.97562859,    77.63617038
     ,     12.9156333,     77.6516664
     ,     12.9032835,    77.60342325
     ,       12.91859,     77.6492282
     ,    12.89807825,    77.58592415
     ,     12.9060672,     77.5923878
     ,    12.97332562,    77.63582683
     ,    12.91283335,    77.65180485
     ,     13.0127363,     77.7173733
     ,    12.95109887,    77.69977544
     ,      12.959869,     77.7013341
     ,      12.959869,     77.7013341
     ,     12.9634008,    77.71473445
     ,    12.95452595,    77.70270538
     ,    12.95452595,    77.70270538
     ,    12.96258945,    77.70168021
     ,    12.93596655,    77.69176575
     ,    12.93956198,      77.695256
     ,    12.96510077,    77.63428864
     ,        12.9716,        77.5946
