"22, Amoeba Complex, Church Street, Bangalore",98170732794,Twyla Nichols,SKU_1,10-02-2023
"780, 12th Cross, 19th Main, HSR, Bangalore",20687322207,Carol Upchurch,SKU_10,8-02-2023
"33, High Gates Hotel, Church Street, Bangalore",76893410434,George Garrett,SKU_10,07-02-2023
"3217, 13th Cross, Indiranagar, Bangalore",66146763539,Shirlee Tennant,SKU_10,09-02-2023
"1st Floor, NTR Royal Plaza, Outer Ring Road, Marathahalli, Bangalore",18924249557,Charles Albrecht,SKU_10,8-02-2023
"18, K.R Layout, Dollar Colony, 4th Phase, JP Nagar",77357637627,Willie Matson,SKU_100,11-02-2023
"6,Opposite Prestige Tech Park, Kadubeesanhalli Bus Stop, Marathahalli, Bangalore",75026092650,Herman Boulds,SKU_100,8-02-2023
"Ikon Building, Next to Sony Centre, Outer Ring Road, Marathahalli",54016008457,James Allen,SKU_102,07-02-2023
"Quality Inn - Shravanthi, 60, 13th Cross, 2nd Main, 3rd Phase, JP Nagar, Bangalore",67841310375,Brenda Berry,SKU_103,07-02-2023
"296, Ground Floor, 5th Phase, 100 ft Outer Ring Road, JP Nagar, Bangalore",60270106051,Martha Braun,SKU_103,10-02-2023
"2802, 27th Main Road, Sector 1, HSR, Bangalore",46205581478,Benjamin Smith,SKU_103,11-02-2023
"Outer Ring Road, Opposite to JP Morgan, Kodbisanhalli, Marathahalli, Bangalore",25907907008,Frank Lester,SKU_103,8-02-2023
"92, Kodigehalli Main Road, Ayyappa Nagar, KR Puram, Bangalore",81129879069,Virginia Hernandez,SKU_104,8-02-2023
"Near kaka singh dhaba, RMZ eco world backgate",70987447117,Holly Sallee,SKU_104,10-02-2023
"64&65, 27th Main Road, Sector 1, HSR Layout",33783112676,Glennie Delacruz,SKU_106,8-02-2023
"2610, 27th Main, Near NIFT, HSR Layout, HSR, Bangalore",50745703670,Christopher Porter,SKU_106,10-02-2023
"Shop 339, 27th Main Road, HSR Layout Sector 2, Bangalore",66471762239,Jesus Rodriguez,SKU_106,8-02-2023
"G-005, City Centre, 28/4, Church Street, Bangalore",83381832974,Christopher Watters,SKU_106,8-02-2023
"42, Church Street, Bangalore",52059909281,Joyce Brothers,SKU_107,09-02-2023
"Cross Roads Inn, 827, Near RV Dental College Compound, 24th Main, 12th Cross, JP Nagar, Bangalore",81926175607,Virginia Sauer,SKU_109,09-02-2023
"#2733, 16th Cross, 27th Main, Opppsite NIFT College, Sector 1, HSR, Bangalore",31316164825,Joe Worley,SKU_110,8-02-2023
"647, Ground Floor, 27th Main Road, Sector 1, HSR, Bangalore",96874607527,Frances Chai,SKU_110,07-02-2023
"181, 3rd Floor, Amar Jyothi Layout, Inner Ring Road, Domlur, Bangalore",53198547414,Kathleen Thompson,SKU_110,07-02-2023
"Panathur Main Road, Kadubeesanahalli, Marathahalli, Bangalore",47015403024,Anita Valdez,SKU_112,8-02-2023
"954, 2nd Floor, 24th Main, 2nd Phase, Opposite LIC Building, JP Nagar, Bangalore",60104333056,Linda Kurland,SKU_113,09-02-2023
"First Floor, 14, Church Street, Bangalore",99015056791,Normand Ashford,SKU_113,07-02-2023
"970, 12th Main, 5th Cross, Indiranagar, Bangalore",94667742985,Daniel Marrin,SKU_113,07-02-2023
"88, 3rd Floor, KBR Mall, Above More Mega Store, Outer Ring Road, Marathahalli, Bangalore",34889886477,Emma Saulsberry,SKU_113,09-02-2023
"1A, Church Street, Bangalore",59997033261,Lelia Wooten,SKU_114,8-02-2023
"1083, 12th main, 5th Cross, Indiranagar, Bangalore",20550226542,Doria Ferguson,SKU_114,8-02-2023
"1324, Double Road, 2nd Stage, Opposite Cauvery School, Indiranagar, Bangalore",81655937477,Jose Williams,SKU_115,11-02-2023
"2, Church Street, Bangalore",84366653069,Phyllis Ehlers,SKU_116,10-02-2023
"Shop 2, Kodigahalli Main Road, KR Puram",84014569034,Peggy Heisler,SKU_116,07-02-2023
"#35/4, 24th main JP Nagar 7th phase, Puttenahalli, JP Nagar, Bangalore",25281194232,Christine Pfeiff,SKU_117,10-02-2023
"543, 7th Cross, 24th Main, Opposite Nous Info Systems, Sector 1, HSR, Bangalore",94332983235,Gustavo Bailey,SKU_117,10-02-2023
"2733, 16th Cross, 27th Main Road, Oppsite, NIFT College, 1st Sector, HSR Layout, Bangalore",84618864102,Daniel Miller,SKU_119,09-02-2023
"Devasandra Main Road, Ayyappa Nagar, KR Puram, Bangalore",28529174781,Bryan Warthen,SKU_12,11-02-2023
"7, Anurhh Arcade, Hoodi Road, Kodigehalli Road, KR Puram, Bangalore",60559333974,Romelia Phillips,SKU_12,10-02-2023
"94/2, Panathur Railway Station Road, Opp to JP Morgan (Outer Ring Road), Munnireddy Layout, Panathur, Bangalore",98312518779,Patricia Haislip,SKU_120,10-02-2023
"197/A, Double Road, 2nd Stage, Opposite HDFC Bank, Indiranagar, Bangalore",70899793952,Gary Simmons,SKU_121,09-02-2023
"1260, SY 35/4, SJR Tower's, 7th Phase, 24th Main Puttanhalli, JP Nagar, Bangalore",62376246282,Edward Leon,SKU_123,8-02-2023
"569/4, Sector 1, HSR, Bangalore",14699928469,Lucille Keirstead,SKU_123,8-02-2023
"1548, 3rd Floor,19th Main Road, Sector 1, Agara Village, HSR, Bangalore",28764133976,Shana Davis,SKU_123,11-02-2023
"1088, 12th Main, HAL 2nd Stage, Off 100 Feet Road, Indiranagar, Bangalore",38434272738,Trudy Moore,SKU_123,09-02-2023
Church Street,69379883919,Joe Lawson,SKU_124,11-02-2023
"724, 3rd Floor, RBI Layout, Rini Pearl, Opposite E.K. Retail, 7th Phase, JP Nagar, Bangalore",50581824353,Tim Sokol,SKU_125,8-02-2023
"24, Church Street, Bangalore",70918939146,Mary Reed,SKU_127,09-02-2023
"2nd Floor, All Season Super Market Building, Panathur Road, Kadubeesanahalli, Panathur, Marathahalli, Bangalore",79263517463,Willie Kirkwood,SKU_127,8-02-2023
"Near Madurai Idly, SGR Dental College Road, CKB Layout, Chandra Layout, Marathahalli, Bengalore",16213830807,Adam Shelquist,SKU_127,8-02-2023
"Ground Floor, Sri Shiva Sai Complex, 13th Cross, 7th Main, 2nd Stage, HAL, Off Double Road, Indiranagar, Bangalore",92941598133,Joseph Boyd,SKU_129,09-02-2023
"First Floor, Raja Ikon, Opposite Hotel Radisson Blu, Near Marathahali Bridge, Marathahalli, Bangalore",24526739732,Marie Harris,SKU_129,10-02-2023
"Shop 7, 8 Opposite, Airtel Express, Panathur Main Road, Marathahalli, Bangalore",61450912280,Tommy Mason,SKU_129,09-02-2023
"97, Wilson Garden Housing Society, 7th Phase, JP Nagar, Bangalore",72346908029,James Rego,SKU_13,8-02-2023
"2633, 27th Main, 13th Cross, 1st Sector, Liss Arcade, HSR, Bangalore",49002247401,Mary Davis,SKU_13,11-02-2023
"Big Bazzar Building, JP Nagar, Bangalore",28090773455,Antoine Robertson,SKU_130,09-02-2023
"212/A, 1st Main Road, Stage 2, Indiranagar, Bangalore",47003637195,Marshall Parham,SKU_131,8-02-2023
"21/28, Radhakrishna Nilaya, Opp SEA Institutions, Ayappa Nagar, KR Puram, Bangalore",17432534499,Verna White,SKU_132,8-02-2023
"99/4, Nataraja Layout, 7th Phase, JP Nagar, Bangalore",66314622688,Johnny Runyan,SKU_134,8-02-2023
"119/19, Ground Floor, 10th Cross, Venkateshwara Layout, SG Palya, HSR, Bangalore",30262250302,Jenna Reed,SKU_136,07-02-2023
"44, Kodigehalli to Hoodi Main Road, Mahadevapura Post, KR Puram, Bangalore",34795550625,Diana Gerry,SKU_136,10-02-2023
"1260 SY 35/4 SJR Tower's, 24th Main Puttanhalli, 7th Phase, JP Nagar Bangalore",38777880457,Karen Yuen,SKU_137,10-02-2023
"8, 15th Main, 5th Phase, JP Nagar, Bangalore",72031214940,Sarah Kardashian,SKU_138,07-02-2023
"5, KBR Mall Complex, Ground Floor, More Mega Store, Varthur Hobli, Marathahalli, Bangalore",32184021928,Harry Heishman,SKU_138,8-02-2023
"7th Cross Road, Agara Village, 1st Sector, HSR, Bangalore",78472305957,Donald Allen,SKU_139,8-02-2023
"89/1, Service Road, Marathahalli, Bangalore",55026656606,Carolyn Buchan,SKU_139,09-02-2023
"Yemalur, Marathahalli, Bangalore",12358732625,Annie Farrior,SKU_139,07-02-2023
"Kadubeesanahalli, Near Aricent Technologies, Marathahalli, Bangalore",19455702296,John Granderson,SKU_140,8-02-2023
"21, 24th Main Road, 6th Phase, JP Nagar, Bangalore",27632908686,Jesse Chan,SKU_141,10-02-2023
"1260 SY 35/4 SJR Tower's, JP Nagar 7th Phase, 24th Main Puttanhalli, JP Nagar, Bangalore",34763837898,Michael Parenteau,SKU_141,09-02-2023
"2733, 16th Cross, 27th Main, Opposite NIFT, Sector 1, HSR Layout, Bangalore, HSR, Bangalore",98967476662,Marshall Quinton,SKU_142,8-02-2023
"Srinivasan Towers, ESI Hospital Road, Off Double Road, Indiranagar, Bangalore",55217454663,Joseph Jones,SKU_142,11-02-2023
"2/1 Unit 6, Hoodi Kodigehalli Road, Opposite Crystal Apartment, KR Puram, Bangalore",44140764186,Abraham Rehkop,SKU_142,07-02-2023
"1260, SY 35/4, SJR Towers, 24th Main Puttanhalli, 7th Phase, JP Nagar, Bangalore",75423501902,Doris Floyd,SKU_143,09-02-2023
"7, Anurhh Arcade, Hoodi Road, Kodigehalli Road, KR Puram, Bangalore",81037487822,Carl Luskey,SKU_143,8-02-2023
"6, Shakambari Nagar, 1st stage, JP Nagar, Bangalore",62201852038,Vickie Ramos,SKU_144,8-02-2023
"67, 15th Cross, 6th B Main, JP Nagar, Bangalore",33178947349,George Rivas,SKU_144,10-02-2023
"77/1, 24th Main, 2nd Phase, JP Nagar, Bangalore",85830764356,John Dutton,SKU_144,8-02-2023
"331, Ground Floor, 27th Main, 2nd Stage, HSR, Bangalore",81727476606,William Sherman,SKU_146,09-02-2023
"Next to CMH Metro Station, CMH Road, Indiranagar, Bangalore",46767096463,Thomas Viviano,SKU_146,11-02-2023
"104/1, 21st Main Road, 6th Cross Road, R K Colony, JP Nagar 2nd Phase, Bangalore",60730226124,Richard Book,SKU_147,07-02-2023
"Building 2686, 31 Main, 13 Cross, Sector 1, Behind CPWD Quarters, HSR Layout, HSR, Bangalore",85984892588,Amber Smith,SKU_147,8-02-2023
"Number 4 St Mary's Building, 39/1, 2nd Stage, Indiranagar, Bangalore",38653109135,Samuel Sampley,SKU_148,09-02-2023
"88, KBR Complex, More Mega Store, Marathahalli, Bangalore",73406214406,Jane Jones,SKU_148,11-02-2023
"20\5, Panathur Junction, Outer Ring Road, Kadubeessanahalli, Marathahalli, Bangalore",22660986194,Delores Dupont,SKU_149,10-02-2023
"1260, SY 35/4, SJR Towers, 24th Main Puttanhalli, 7th Phase, JP Nagar, Bangalore",15743308603,Louise Lynch,SKU_15,10-02-2023
"2/1 Unit 6, Hoodi Kodigehalli Road, Opposite Crystal Apartment, KR Puram, Bangalore",84273793675,James Horne,SKU_150,09-02-2023
"89/1, Tulasi Theater Road, Near SBR Palace, Marathahalli, Bangalore",98486281871,Terry Sanabria,SKU_150,8-02-2023
"Eden Park7, 8 Doresani Palya, Near Kalyani Magnum, Opposite Oracle, 5th Phase, JP Nagar, Bangalore",36774055970,Frank Garcia,SKU_16,10-02-2023
"765, 1st Floor, 1st Main, Domlur Layout, Domlur, Bangalore",81721151401,Scott Peabody,SKU_17,8-02-2023
"Domlur, Bangalore",86841663173,George Douglas,SKU_17,10-02-2023
"311, 15th Cross, 5th Phase, JP Nagar, Bangalore",92874070081,Thomas Lyons,SKU_18,8-02-2023
"Shop 6, First Floor, Binnamangala First Stage, Indiranagar, Bangalore",26105795180,Roger Bouldin,SKU_18,8-02-2023
"598, 1st Floor, 1st Cross, 1st A Main Road, Domlur Layout, 1st Stage, Domlur, Bangalore",96249705883,Rosa Alvarez,SKU_18,09-02-2023
"49, Agara Circle, Near Hanuman Statue, HSR Layout, HSR, Bangalore",56766768595,Elaine Watson,SKU_19,8-02-2023
"1562, Sector 1, HSR, Bangalore",22921695090,Charles Trembley,SKU_2,09-02-2023
"646, 12th Cross, 27th Main, Sector 1, HSR, Bangalore",89040589151,Iva Bell,SKU_20,10-02-2023
"949, Ground Floor, HAL 2nd Stage, 12th Main, 100 feet Road, Indiranagar, Bangalore",77604849495,Patricia Johnston,SKU_20,8-02-2023
"1260 SY 35/4 SJR Tower's, 24th Main Puttanhalli, JP Nagar 7th Phase, Bangalore",14876577908,John Fridley,SKU_21,09-02-2023
"46/A, 1st Main, 3rd Phase, JP Nagar, Bangalore",61686659900,James Riley,SKU_22,8-02-2023
"1, 24th Main Rd, 1st Phase, Girinagar, KR Layout, Muneshwara T-Block, JP Nagar, Bangalore",49726345575,Cora Massart,SKU_23,8-02-2023
"9/3, Prestige Pearl House, Museum Road, Church Street, Bangalore",40661403008,Shawn Reeves,SKU_23,09-02-2023
"Near Bank Of India ATM, Ramka Colony, Bilekahalli, Marathahalli, Bangalore",47772983315,Larry Solomon,SKU_24,11-02-2023
"Salarpuria Sattva Aura, Kiosk 6, Foodworks Food Court, Block 11, Marathahalli - Sarjapur Outer Ring Road, Kaverappa Layout, Kadubeesanahalli, Marathahalli, Bangalore",35828962763,Jesse Vaness,SKU_25,11-02-2023
"14, 2nd Floor, Church Street, Bangalore",15239382796,Virginia Cole,SKU_27,10-02-2023
"5th A Cross, Lakshmi Complex, Manjunatha Colony, Near RV Dental College, 2nd phase, JP Nagar, Bangalore",13385067871,Leticia Coleman,SKU_28,8-02-2023
"2738, 27th Main, Sector 1, HSR, Bangalore",91311238475,Marissa Coram,SKU_28,8-02-2023
"114, Kothanur Main Road, Santrupthi Nagar, 7th Phase, JP Nagar, Bangalore",13346207178,Ryan Orlando,SKU_29,8-02-2023
"10/3, Shamanna Garden, 22nd Main Rd, Phase 5, JP Nagar, Bangalore",86868052143,Mabel Covell,SKU_29,10-02-2023
"Srinivasa Nilayam, Site 3, Vidya Vikas School Road, Panathur New Extension, Kaverappa Layout, Marathahalli, Bangalore",60841023934,Bobbie Scarborough,SKU_3,8-02-2023
"1, 24th Main Rd, 1st Phase, Girinagar, KR Layout, Muneshwara T-Block, JP Nagar, Bangalore",73350066683,Jon Hall,SKU_31,09-02-2023
"Ibis Bengaluru, Opposite RMZ Ecospace Business Park, Sarjapur Outer Ring Road, Marathahalli, Bangalore",22195593543,Robert Michaud,SKU_33,09-02-2023
"1554, Ground Floor, 19th Main, Sector - 1, HSR, Bangalore",19365687734,Angela Hindman,SKU_34,11-02-2023
"2/1 Unit 6, Hoodi Kodigehalli Road, Opposite Crystal Apartment, KR Puram, Bangalore",47626343441,Virginia Hartzler,SKU_36,8-02-2023
"281, 2nd Floor, 15th Cross, 5th Phase, JP Nagar, Bangalore",76031744666,Anna Kelly,SKU_38,09-02-2023
"Opposite NIFT College, 2733, 16th Cross, 27th Main Road, PWD Quarters, 1st Sector, HSR Layout, HSR, Bangalore",85469796479,Theodore Bunch,SKU_38,09-02-2023
"JP Nagar, Phase 7, Bangalore",24549099395,Freda Beauchamp,SKU_40,10-02-2023
"1548, 19th Main, Outer Ring Road, Opposite BMTC Bus Depot, HSR, Bangalore",29805721561,Carma Haynie,SKU_41,11-02-2023
"Near Bank Of India ATM, Ramka Colony, Bilekahalli, Marathahalli, Bangalore",35496906287,Jessica Blakely,SKU_41,8-02-2023
"2724, 31st Main, 17th Cross, HSR, Bangalore",89394948450,David Webber,SKU_42,11-02-2023
"20/5, Narayanswamy Building, Kadubeesanahalli Bridge, Outer Ring Road, Kadubeesanahalli, Marathahalli, Bangalore",48552195740,Barbara Capehart,SKU_42,07-02-2023
"39, Aiyaapanagar Main Road, Near Krishna Community Hall, KR Puram, Bangalore",63269771781,Deanna Castille,SKU_43,07-02-2023
"The HHI Select Bengaluru Hotel, 686, 15th Cross, Ring Road, 2nd Phase, JP Nagar, Bangalore",32162999926,Miguel Evanoff,SKU_44,8-02-2023
"Plot 302, Shop 1, 2nd Cross, Kadubesanahalli, Panathur Main Road, Marathahalli, Bangalore",71791751983,Dorothy Davis,SKU_44,8-02-2023
"5th Cross Road, Dollar Layout, 3rd Phase, JP Nagar, Bangalore",98072567575,Brian Glass,SKU_45,09-02-2023
"544, First Floor, Near Indiranagar Metro Station, CMH Road, Indiranagar, Bangalore",38200322788,Michael Frasier,SKU_45,10-02-2023
"G-005, City Centre, 28/4, Church Street, Bangalore",61422999142,Aldo Edsall,SKU_45,07-02-2023
"1554, Ground Floor, 19th Main, Sector - 1, HSR, Bangalore",54163870135,Tara Allen,SKU_47,09-02-2023
"1, 328, 27th Main, 21st Cross, Sector 2, HSR, Bangalore",89111417547,Larry Herndon,SKU_48,11-02-2023
"Near Madurai Idly, SGR Dental College Road, CKB Layout, Chandra Layout, Marathahalli, Bengalore",65188908427,Mary Paongo,SKU_48,8-02-2023
"77 Town, Building No 3, Divya Shree Building, Yamalur Post, Marathahalli, Bangalore",62165843566,Aaron Davis,SKU_5,8-02-2023
"809/A, 27th Main, 100 Feet Road, 1st Sector, HSR, Bangalore",85539430303,Sherry Ludlam,SKU_50,8-02-2023
"1558, 19th Main, Ring Road, Near Indian Oil Petrol Bunk, Sector 1, HSR, Bangalore",39213602287,Raymond Huffman,SKU_50,09-02-2023
"Brigade Millenium Inside Indian Music Experience Museum, JP Nagar, Bangalore, Bengaluru",69289578038,Elijah Reno,SKU_51,09-02-2023
"2nd Stage, Indiranagar, Bangalore",91477551055,Thomas Lindquist,SKU_52,8-02-2023
"191, Ground Floor, 27th Main Road, Near CPWD Quarters, Beside Lawrance & Mayo, Sector 2, HSR, Bangalore",53402748741,Juanita Pahulu,SKU_53,10-02-2023
"Shop 217, 2nd Main Road Kadubeesanahalli Croma Back Side Road Near Kumbeshwara Temple Marathahalli, Bangalore",49695767650,Mary Compton,SKU_53,11-02-2023
"Next to Grigliato, Sector 1 , HSR Layout, HSR, Bangalore",18227945733,Amber Johnson,SKU_55,10-02-2023
"4, 39/1, St Mary's Building, 2nd Stage, Indiranagar, Bangalore",55525210263,Mary Perez,SKU_55,8-02-2023
"90/4, Above Sony Centre, Opposite Park Plaza, Outer Ring Road, Marathahalli, Bangalore",51656603551,Patrick Gilliam,SKU_55,09-02-2023
"204, 4th Cross, KSRTC Layout, 2nd Phase, JP Nagar, Bangalore",18834198685,Rebecca Vanos,SKU_56,09-02-2023
"72, 2nd Floor, Next to Max & Crossword, 3rd Phase, Inner Ring Road, JP Nagar, Bangalore",83288941747,Yvonne Haddad,SKU_58,09-02-2023
"81, 7th Main, 5th Cross, Bank of Baroda Colony, 7th Phase, JP Nagar, Bangalore",71217404672,Lidia Wickham,SKU_58,8-02-2023
"47/1, 9th Main,1st Cross, Miniforest, Phase 3, JP Nagar, Bangalore",65307617155,Teresa Ford,SKU_59,07-02-2023
"18th Cross road, 5th Phase, JP Nagar, Bangalore",87207515803,Angela Cowman,SKU_59,07-02-2023
"1214, 17th Cross Road, Parangi Palaya, Sector 2, HSR Layout, Bangalore",71466613736,Ralph Martin,SKU_59,07-02-2023
"39/7, 5th Cross, 6th Main, Appareddy Palya, Indiranagar, Bangalore",79226518761,John Dennis,SKU_6,10-02-2023
"949, 12th Main Rd, Appareddipalya, Indiranagar, Bengaluru, Karnataka",65665446450,Mary Walton,SKU_61,8-02-2023
"Ground Floor, Vims Hospital Buidling, Opposite to More, Marathahalli, Bangalore",31203804545,Katie Kochevar,SKU_61,09-02-2023
"Ground Floor, More Megastore, Service Road, Marathahalli, Bangalore",13002857017,Ivan Kinley,SKU_62,09-02-2023
"Kadubeesanahalli, Marathahalli Outer Ring Road, Opposite JP Morgan, Varthur Hobli, Marathahalli, Bangalore",56516948976,Robert Clarke,SKU_63,8-02-2023
"2606, The Ambience, 27th Main Road, 16th cross, HSR Layout",47082143365,Peggy Hwang,SKU_64,07-02-2023
"15, 7th Cross, Near Mother Teresa School, ITI Layout, Hosapalya Main Road, HSR, Bangalore",65216540873,Nathan Merkel,SKU_65,8-02-2023
"10/3, Devarabeesanahali, Outer Ring Road, Opposite Embassy Tech Park, Marathahalli, Bangalore",86439214657,Lola Lomago,SKU_66,11-02-2023
"92, Ground Floor, Muninanjappa Gardens, Kodigehalli Main Road, KR Puram, Bangalore",62724763094,Jacob Mccroy,SKU_67,10-02-2023
"20/5, 1st Floor, Panathur Junction, Outer Ring Road, Marathahalli, Bangalore",19783328541,Anthony Torres,SKU_67,8-02-2023
"20/7, Swamy Legato, Outer Ring Road, Kadubeesanahalli, Marathahalli, Bangalore",60147650973,Richard Wheeless,SKU_68,10-02-2023
"3, Srinivasa Nilayam, Vidya Vikas School Road, Panathur New Extension, Kaverappa Layout, Marathahalli, Bangalore",43727711975,Ricky Aschenbrenner,SKU_68,10-02-2023
"191, First Floor, 27th Main, Sector 2, HSR, Bangalore",17354068059,Clarence Fuller,SKU_69,8-02-2023
"46/1, Cobalt Building, Church Street, Bangalore",81065467193,Jeffrey Mekee,SKU_69,09-02-2023
"Coconut Garden Layout, Kodigehalli Main Road, KR Puram, Bangalore",62644046092,Sherry Cole,SKU_69,07-02-2023
"23/4, Kariyammana Agrahara Road Kadubisinahalli, Prestige Tech Park Back Gate, Marathahalli, Bangalore",87093968225,Russell Diamond,SKU_69,8-02-2023
"305, Anand NR Onyx, 15th Cross, 100 Feet Ring Road, 5th Phase Extension, JP Nagar, Bangalore",52273090335,Antonio Oliver,SKU_7,09-02-2023
"Shop 37, 3rd Cross, Outer Ring Road, Kadubisnahalli, Marathahalli, Bangalore",48712626536,Gary Nelson,SKU_7,07-02-2023
"2331, 17th Cross, 24th Main, HSR, Bangalore",41474085570,Terresa Breau,SKU_70,10-02-2023
"4, St Mary's Building, 2nd Stage, Indiranagar, Bangalore",62280811516,Gertrude Frazier,SKU_70,8-02-2023
"7, Anurhh Arcade, Hoodi Road, Kodigehalli Road, KR Puram, Bangalore",15145909184,Tiffany Coker,SKU_70,10-02-2023
"598, 1st floor, 1st Cross, 1st A Main Road, Domlur Layout, 1st Stage, Domlur, Bangalore",85725180680,Stanley Davis,SKU_72,8-02-2023
"2317, 27th Main, Sector 1, Opposite NIFT College, HSR Layout, HSR, Bangalore",76687493477,Marvin Buck,SKU_73,10-02-2023
"Shop 2, Kodigahalli Main Road, KR Puram",89948676925,James Carlen,SKU_73,8-02-2023
"Amoolya, 1st Floor, 24th Main, 6th Phase, JP Nagar, Bangalore",82980897770,Daren Devit,SKU_74,09-02-2023
"212/A, 1st Main Road, Stage 2, Indiranagar, Bangalore",13337031353,Lawerence Lindsay,SKU_75,10-02-2023
"27th Main, Near NIFT, Sector-1, HSR, Bangalore",40837739535,Margie Galvan,SKU_76,8-02-2023
"13th Cross, 24th Main, Opposite Assetz Apartment, 1st Sector, HSR, Bangalore",21104565365,Kathleen Cantrell,SKU_76,07-02-2023
"99/2A, Kothnoor Main Road, Opposite RBI Layout Bus Stop, 7th Phase, JP Nagar, Bangalore",60615787248,William Rivera,SKU_77,09-02-2023
"2628, 27th Main Road, 1st Sector, HSR Layout, Bangalore, HSR, Bangalore",50915970151,Milton Wilson,SKU_77,09-02-2023
"127, Kadubisannhalli, Panathur Main Road, Marathahalli, Bangalore",45180804640,Carrie Lumpkin,SKU_77,10-02-2023
"18, Prakruthi Enclave, Panathur Road, Kadubeesanahalli, Marathahalli, Bangalore",41891691354,Catherine Wilson,SKU_78,07-02-2023
"595, Ground Floor, Kundalahalli, Varthur Hobli Mahadevpura, Marathahalli, Bangalore",25842170396,Jon Villanueva,SKU_79,09-02-2023
"77 Town Center, Yemalur Road, Marathahalli Village, Marathahalli, Bangalore",66199582549,Rose Lau,SKU_79,11-02-2023
"27th Main road, Sriven Teesta, Near Raymond?s Showroom HSR, Bangalore",52917061849,Katrina Hilderbrandt,SKU_8,07-02-2023
"20\5, Panathur Junction, Outer Ring Road, Kadubeessanahalli, Marathahalli, Bangalore",84961010116,John Kessler,SKU_8,07-02-2023
"12th Main, HAL 2nd Stage, ESI To Domlur, Service Road, Indiranagar, Bangalore",84612864961,Shelia West,SKU_80,10-02-2023
"1543, 7th Cross, 19th Main, 1st Sector, HSR, Bangalore",87898682349,Brian Isom,SKU_81,8-02-2023
"8/ 9, 17th F Cross, 2nd Stage, Indiranagar, Bengaluru",29925333677,Terry Mitchell,SKU_81,07-02-2023
"2318, 27th Main Road, 1st Sector, HSR, Bangalore",42498449819,Kenneth Baker,SKU_82,8-02-2023
"1260 SY 35/4 SJR Tower's, JP Nagar 7th Phase, 24th Main Puttanhalli, JP Nagar, Bangalore",96594637899,Sam Vest,SKU_83,8-02-2023
"2610, 27th Main, Near NIFT, HSR Layout, HSR, Bangalore",28074155949,Thelma Howells,SKU_83,07-02-2023
"36, Off MG Road, Church Street, Bangalore",44759282449,Robert Olsen,SKU_83,09-02-2023
"2606, Ground Floor, The Ambience Building, 16th Cross, 27th Main, Sector 1, HSR, Bangalore",94402524628,Howard Roman,SKU_85,8-02-2023
"12th Main Road Junction, Double Road, Indiranagar, Bangalore",75506986031,Anna Bundy,SKU_86,07-02-2023
"2/1 Unit 6, Hoodi Kodigehalli Road, Opposite Crystal Apartment, KR Puram, Bangalore",80856836359,Beverly Coleman,SKU_86,10-02-2023
"41, Kadubeesanahalli, Marathahalli, Bangalore",17162566322,Tracy Vanhoy,SKU_87,09-02-2023
"46, Church Street, Bangalore",41965274833,Ralph Evans,SKU_88,10-02-2023
"680-669, 13th Cross Rd, 1st Sector, HSR Layout, Bengaluru, Karnataka",11910424508,Nanette Mcbride,SKU_89,10-02-2023
"Basement 2064, Siri Iris Building, 24th Main, N.R.T.A Enclave, HSR, Bangalore",58089927559,Dana Farley,SKU_89,09-02-2023
"20/5, Outer Ring Road, Kadubeesanahalli, Marathahalli, Bangalore",49862610786,Naomi Daniels,SKU_89,09-02-2023
"Amoolya, 1st Floor, 24th Main, 6th Phase, JP Nagar, Bangalore",49180403091,Ronnie Cameron,SKU_9,09-02-2023
"1554, Ground Floor, 19th Main, Sector 1, HSR, Bangalore",95752660397,William Wilson,SKU_9,8-02-2023
"712, 6th Cross, 5th Main, Off 80 Feet Road, Indiranagar, Bangalore",21225161006,Joanna Evetts,SKU_9,8-02-2023
"50/1, Haridevpur, Shantala Nagar, Ashok Nagar, Church Street, Bangalore",75568022308,Pam Trela,SKU_90,10-02-2023
"88, 1st Floor, VIMS Hospital Building, Outer Ring Road, Marathahalli, Bangalore",62758300340,Mary Duffy,SKU_90,8-02-2023
"Shop 217, 2nd main road, Kadubeesanahalli Croma, Back Side road Near Kumbeshwara Temple Marathahalli, Bangalore",72580152196,Patrick Payne,SKU_90,8-02-2023
"Shop 1, 129, 24th Main, 5th Phase, JP Nagar, Bangalore",95782788535,Daniel Tremper,SKU_91,10-02-2023
"7th Cross, Sector 1, HSR, Bangalore",30449400919,Bonnie Heath,SKU_91,10-02-2023
"46, Church Street, Bangalore",24472334890,Marjorie Williamson,SKU_91,09-02-2023
"949, 12th Main, Ground Floor, Off 100 Feet Road, Indiranagar, Bangalore",62399381626,Harvey Tyner,SKU_91,10-02-2023
"7, Anurhh Arcade, Hoodi Road, Kodigehalli Road, KR Puram, Bangalore",60381594139,Marlon Leonard,SKU_91,11-02-2023
"57, 15th Cross Road, Outer Ring Road, Phase 6, JP Nagar, Bangalore",81028594970,Daniel Moore,SKU_92,10-02-2023
"Shop 5, LNR Building, Harlur Road, HSR, Bangalore",74962568491,Carol Pettway,SKU_93,09-02-2023
"Someshwara Bhavan, RBI Layout, 7th Phase, Kothnur Main Road, JP Nagar, Bangalore",50570222462,Jason Taylor,SKU_95,11-02-2023
"Site 15, 15th Cross, 100 Feet Road, 4th Phase, JP Nagar, Bangalore",66193906105,Gerard Cardin,SKU_96,10-02-2023
"76, Shruthi Layout, Basavanapura Main Road, KR Puram, Bangalore",61354798733,Matthew Bass,SKU_97,09-02-2023
"88, Outer Ring Road, Next To More Mega Store, Marathahalli, Bangalore",15691083877,Kevin Schneider,SKU_97,11-02-2023
"44-45, Terrace Floor, 24th Main Road, 7th phase, JP Nagar, Bangalore",73908465584,Mildred Richards,SKU_98,8-02-2023
"48, Triumph Towers, Church Street, Bangalore",73796529420,Jesse Suarez,SKU_98,8-02-2023