22, Amoeba Complex, Church Street, Bangalore
780, 12th Cross, 19th Main, HSR, Bangalore
33, High Gates Hotel, Church Street, Bangalore
3217, 13th Cross, Indiranagar, Bangalore
1st Floor, NTR Royal Plaza, Outer Ring Road, Marathahalli, Bangalore
18, K.R Layout, Dollar Colony, 4th Phase, JP Nagar
6,Opposite Prestige Tech Park, Kadubeesanhalli Bus Stop, Marathahalli, Bangalore
Ikon Building, Next to Sony Centre, Outer Ring Road, Marathahalli
Quality Inn - Shravanthi, 60, 13th Cross, 2nd Main, 3rd Phase, JP Nagar, Bangalore
296, Ground Floor, 5th Phase, 100 ft Outer Ring Road, JP Nagar, Bangalore
2802, 27th Main Road, Sector 1, HSR, Bangalore
Outer Ring Road, Opposite to JP Morgan, Kodbisanhalli, Marathahalli, Bangalore
92, Kodigehalli Main Road, Ayyappa Nagar, KR Puram, Bangalore
Near kaka singh dhaba, RMZ eco world backgate
64&65, 27th Main Road, Sector 1, HSR Layout
2610, 27th Main, Near NIFT, HSR Layout, HSR, Bangalore
Shop 339, 27th Main Road, HSR Layout Sector 2, Bangalore
G-005, City Centre, 28/4, Church Street, Bangalore
42, Church Street, Bangalore
Cross Roads Inn, 827, Near RV Dental College Compound, 24th Main, 12th Cross, JP Nagar, Bangalore
#2733, 16th Cross, 27th Main, Opppsite NIFT College, Sector 1, HSR, Bangalore
647, Ground Floor, 27th Main Road, Sector 1, HSR, Bangalore
181, 3rd Floor, Amar Jyothi Layout, Inner Ring Road, Domlur, Bangalore
Panathur Main Road, Kadubeesanahalli, Marathahalli, Bangalore
954, 2nd Floor, 24th Main, 2nd Phase, Opposite LIC Building, JP Nagar, Bangalore
First Floor, 14, Church Street, Bangalore
970, 12th Main, 5th Cross, Indiranagar, Bangalore
88, 3rd Floor, KBR Mall, Above More Mega Store, Outer Ring Road, Marathahalli, Bangalore
1A, Church Street, Bangalore
1083, 12th main, 5th Cross, Indiranagar, Bangalore
1324, Double Road, 2nd Stage, Opposite Cauvery School, Indiranagar, Bangalore
2, Church Street, Bangalore
Shop 2, Kodigahalli Main Road, KR Puram
#35/4, 24th main JP Nagar 7th phase, Puttenahalli, JP Nagar, Bangalore
543, 7th Cross, 24th Main, Opposite Nous Info Systems, Sector 1, HSR, Bangalore
2733, 16th Cross, 27th Main Road, Oppsite, NIFT College, 1st Sector, HSR Layout, Bangalore
Devasandra Main Road, Ayyappa Nagar, KR Puram, Bangalore
7, Anurhh Arcade, Hoodi Road, Kodigehalli Road, KR Puram, Bangalore
94/2, Panathur Railway Station Road, Opp to JP Morgan (Outer Ring Road), Munnireddy Layout, Panathur, Bangalore
197/A, Double Road, 2nd Stage, Opposite HDFC Bank, Indiranagar, Bangalore
1260, SY 35/4, SJR Tower's, 7th Phase, 24th Main Puttanhalli, JP Nagar, Bangalore
569/4, Sector 1, HSR, Bangalore
1548, 3rd Floor,19th Main Road, Sector 1, Agara Village, HSR, Bangalore
1088, 12th Main, HAL 2nd Stage, Off 100 Feet Road, Indiranagar, Bangalore
Church Street
724, 3rd Floor, RBI Layout, Rini Pearl, Opposite E.K. Retail, 7th Phase, JP Nagar, Bangalore
24, Church Street, Bangalore
2nd Floor, All Season Super Market Building, Panathur Road, Kadubeesanahalli, Panathur, Marathahalli, Bangalore
Near Madurai Idly, SGR Dental College Road, CKB Layout, Chandra Layout, Marathahalli, Bengalore
Ground Floor, Sri Shiva Sai Complex, 13th Cross, 7th Main, 2nd Stage, HAL, Off Double Road, Indiranagar, Bangalore
First Floor, Raja Ikon, Opposite Hotel Radisson Blu, Near Marathahali Bridge, Marathahalli, Bangalore
Shop 7, 8 Opposite, Airtel Express, Panathur Main Road, Marathahalli, Bangalore
97, Wilson Garden Housing Society, 7th Phase, JP Nagar, Bangalore
2633, 27th Main, 13th Cross, 1st Sector, Liss Arcade, HSR, Bangalore
Big Bazzar Building, JP Nagar, Bangalore
212/A, 1st Main Road, Stage 2, Indiranagar, Bangalore
21/28, Radhakrishna Nilaya, Opp SEA Institutions, Ayappa Nagar, KR Puram, Bangalore
99/4, Nataraja Layout, 7th Phase, JP Nagar, Bangalore
119/19, Ground Floor, 10th Cross, Venkateshwara Layout, SG Palya, HSR, Bangalore
44, Kodigehalli to Hoodi Main Road, Mahadevapura Post, KR Puram, Bangalore
1260 SY 35/4 SJR Tower's, 24th Main Puttanhalli, 7th Phase, JP Nagar Bangalore
8, 15th Main, 5th Phase, JP Nagar, Bangalore
5, KBR Mall Complex, Ground Floor, More Mega Store, Varthur Hobli, Marathahalli, Bangalore
7th Cross Road, Agara Village, 1st Sector, HSR, Bangalore
89/1, Service Road, Marathahalli, Bangalore
Yemalur, Marathahalli, Bangalore
Kadubeesanahalli, Near Aricent Technologies, Marathahalli, Bangalore
21, 24th Main Road, 6th Phase, JP Nagar, Bangalore
1260 SY 35/4 SJR Tower's, JP Nagar 7th Phase, 24th Main Puttanhalli, JP Nagar, Bangalore
2733, 16th Cross, 27th Main, Opposite NIFT, Sector 1, HSR Layout, Bangalore, HSR, Bangalore
Srinivasan Towers, ESI Hospital Road, Off Double Road, Indiranagar, Bangalore
2/1 Unit 6, Hoodi Kodigehalli Road, Opposite Crystal Apartment, KR Puram, Bangalore
1260, SY 35/4, SJR Towers, 24th Main Puttanhalli, 7th Phase, JP Nagar, Bangalore
7, Anurhh Arcade, Hoodi Road, Kodigehalli Road, KR Puram, Bangalore
6, Shakambari Nagar, 1st stage, JP Nagar, Bangalore
67, 15th Cross, 6th B Main, JP Nagar, Bangalore
77/1, 24th Main, 2nd Phase, JP Nagar, Bangalore
331, Ground Floor, 27th Main, 2nd Stage, HSR, Bangalore
Next to CMH Metro Station, CMH Road, Indiranagar, Bangalore
104/1, 21st Main Road, 6th Cross Road, R K Colony, JP Nagar 2nd Phase, Bangalore
Building 2686, 31 Main, 13 Cross, Sector 1, Behind CPWD Quarters, HSR Layout, HSR, Bangalore
Number 4 St Mary's Building, 39/1, 2nd Stage, Indiranagar, Bangalore
88, KBR Complex, More Mega Store, Marathahalli, Bangalore
20\5, Panathur Junction, Outer Ring Road, Kadubeessanahalli, Marathahalli, Bangalore
1260, SY 35/4, SJR Towers, 24th Main Puttanhalli, 7th Phase, JP Nagar, Bangalore
2/1 Unit 6, Hoodi Kodigehalli Road, Opposite Crystal Apartment, KR Puram, Bangalore
89/1, Tulasi Theater Road, Near SBR Palace, Marathahalli, Bangalore
Eden Park7, 8 Doresani Palya, Near Kalyani Magnum, Opposite Oracle, 5th Phase, JP Nagar, Bangalore
765, 1st Floor, 1st Main, Domlur Layout, Domlur, Bangalore
Domlur, Bangalore
311, 15th Cross, 5th Phase, JP Nagar, Bangalore
Shop 6, First Floor, Binnamangala First Stage, Indiranagar, Bangalore
598, 1st Floor, 1st Cross, 1st A Main Road, Domlur Layout, 1st Stage, Domlur, Bangalore
49, Agara Circle, Near Hanuman Statue, HSR Layout, HSR, Bangalore
1562, Sector 1, HSR, Bangalore
646, 12th Cross, 27th Main, Sector 1, HSR, Bangalore
949, Ground Floor, HAL 2nd Stage, 12th Main, 100 feet Road, Indiranagar, Bangalore
1260 SY 35/4 SJR Tower's, 24th Main Puttanhalli, JP Nagar 7th Phase, Bangalore
46/A, 1st Main, 3rd Phase, JP Nagar, Bangalore
1, 24th Main Rd, 1st Phase, Girinagar, KR Layout, Muneshwara T-Block, JP Nagar, Bangalore
9/3, Prestige Pearl House, Museum Road, Church Street, Bangalore
Near Bank Of India ATM, Ramka Colony, Bilekahalli, Marathahalli, Bangalore
Salarpuria Sattva Aura, Kiosk 6, Foodworks Food Court, Block 11, Marathahalli - Sarjapur Outer Ring Road, Kaverappa Layout, Kadubeesanahalli, Marathahalli, Bangalore
14, 2nd Floor, Church Street, Bangalore
5th A Cross, Lakshmi Complex, Manjunatha Colony, Near RV Dental College, 2nd phase, JP Nagar, Bangalore
2738, 27th Main, Sector 1, HSR, Bangalore
114, Kothanur Main Road, Santrupthi Nagar, 7th Phase, JP Nagar, Bangalore
10/3, Shamanna Garden, 22nd Main Rd, Phase 5, JP Nagar, Bangalore
Srinivasa Nilayam, Site 3, Vidya Vikas School Road, Panathur New Extension, Kaverappa Layout, Marathahalli, Bangalore
1, 24th Main Rd, 1st Phase, Girinagar, KR Layout, Muneshwara T-Block, JP Nagar, Bangalore
Ibis Bengaluru, Opposite RMZ Ecospace Business Park, Sarjapur Outer Ring Road, Marathahalli, Bangalore
1554, Ground Floor, 19th Main, Sector - 1, HSR, Bangalore
2/1 Unit 6, Hoodi Kodigehalli Road, Opposite Crystal Apartment, KR Puram, Bangalore
281, 2nd Floor, 15th Cross, 5th Phase, JP Nagar, Bangalore
Opposite NIFT College, 2733, 16th Cross, 27th Main Road, PWD Quarters, 1st Sector, HSR Layout, HSR, Bangalore
JP Nagar, Phase 7, Bangalore
1548, 19th Main, Outer Ring Road, Opposite BMTC Bus Depot, HSR, Bangalore
Near Bank Of India ATM, Ramka Colony, Bilekahalli, Marathahalli, Bangalore
2724, 31st Main, 17th Cross, HSR, Bangalore
20/5, Narayanswamy Building, Kadubeesanahalli Bridge, Outer Ring Road, Kadubeesanahalli, Marathahalli, Bangalore
39, Aiyaapanagar Main Road, Near Krishna Community Hall, KR Puram, Bangalore
The HHI Select Bengaluru Hotel, 686, 15th Cross, Ring Road, 2nd Phase, JP Nagar, Bangalore
Plot 302, Shop 1, 2nd Cross, Kadubesanahalli, Panathur Main Road, Marathahalli, Bangalore
5th Cross Road, Dollar Layout, 3rd Phase, JP Nagar, Bangalore
544, First Floor, Near Indiranagar Metro Station, CMH Road, Indiranagar, Bangalore
G-005, City Centre, 28/4, Church Street, Bangalore
1554, Ground Floor, 19th Main, Sector - 1, HSR, Bangalore
1, 328, 27th Main, 21st Cross, Sector 2, HSR, Bangalore
Near Madurai Idly, SGR Dental College Road, CKB Layout, Chandra Layout, Marathahalli, Bengalore
77 Town, Building No 3, Divya Shree Building, Yamalur Post, Marathahalli, Bangalore
809/A, 27th Main, 100 Feet Road, 1st Sector, HSR, Bangalore
1558, 19th Main, Ring Road, Near Indian Oil Petrol Bunk, Sector 1, HSR, Bangalore
Brigade Millenium Inside Indian Music Experience Museum, JP Nagar, Bangalore, Bengaluru
2nd Stage, Indiranagar, Bangalore
191, Ground Floor, 27th Main Road, Near CPWD Quarters, Beside Lawrance & Mayo, Sector 2, HSR, Bangalore
Shop 217, 2nd Main Road Kadubeesanahalli Croma Back Side Road Near Kumbeshwara Temple Marathahalli, Bangalore
Next to Grigliato, Sector 1 , HSR Layout, HSR, Bangalore
4, 39/1, St Mary's Building, 2nd Stage, Indiranagar, Bangalore
90/4, Above Sony Centre, Opposite Park Plaza, Outer Ring Road, Marathahalli, Bangalore
204, 4th Cross, KSRTC Layout, 2nd Phase, JP Nagar, Bangalore
72, 2nd Floor, Next to Max & Crossword, 3rd Phase, Inner Ring Road, JP Nagar, Bangalore
81, 7th Main, 5th Cross, Bank of Baroda Colony, 7th Phase, JP Nagar, Bangalore
47/1, 9th Main,1st Cross, Miniforest, Phase 3, JP Nagar, Bangalore
18th Cross road, 5th Phase, JP Nagar, Bangalore
1214, 17th Cross Road, Parangi Palaya, Sector 2, HSR Layout, Bangalore
39/7, 5th Cross, 6th Main, Appareddy Palya, Indiranagar, Bangalore
949, 12th Main Rd, Appareddipalya, Indiranagar, Bengaluru, Karnataka
Ground Floor, Vims Hospital Buidling, Opposite to More, Marathahalli, Bangalore
Ground Floor, More Megastore, Service Road, Marathahalli, Bangalore
Kadubeesanahalli, Marathahalli Outer Ring Road, Opposite JP Morgan, Varthur Hobli, Marathahalli, Bangalore
2606, The Ambience, 27th Main Road, 16th cross, HSR Layout
15, 7th Cross, Near Mother Teresa School, ITI Layout, Hosapalya Main Road, HSR, Bangalore
10/3, Devarabeesanahali, Outer Ring Road, Opposite Embassy Tech Park, Marathahalli, Bangalore
92, Ground Floor, Muninanjappa Gardens, Kodigehalli Main Road, KR Puram, Bangalore
20/5, 1st Floor, Panathur Junction, Outer Ring Road, Marathahalli, Bangalore
20/7, Swamy Legato, Outer Ring Road, Kadubeesanahalli, Marathahalli, Bangalore
3, Srinivasa Nilayam, Vidya Vikas School Road, Panathur New Extension, Kaverappa Layout, Marathahalli, Bangalore
191, First Floor, 27th Main, Sector 2, HSR, Bangalore
46/1, Cobalt Building, Church Street, Bangalore
Coconut Garden Layout, Kodigehalli Main Road, KR Puram, Bangalore
23/4, Kariyammana Agrahara Road Kadubisinahalli, Prestige Tech Park Back Gate, Marathahalli, Bangalore
305, Anand NR Onyx, 15th Cross, 100 Feet Ring Road, 5th Phase Extension, JP Nagar, Bangalore
Shop 37, 3rd Cross, Outer Ring Road, Kadubisnahalli, Marathahalli, Bangalore
2331, 17th Cross, 24th Main, HSR, Bangalore
4, St Mary's Building, 2nd Stage, Indiranagar, Bangalore
7, Anurhh Arcade, Hoodi Road, Kodigehalli Road, KR Puram, Bangalore
598, 1st floor, 1st Cross, 1st A Main Road, Domlur Layout, 1st Stage, Domlur, Bangalore
2317, 27th Main, Sector 1, Opposite NIFT College, HSR Layout, HSR, Bangalore
Shop 2, Kodigahalli Main Road, KR Puram
Amoolya, 1st Floor, 24th Main, 6th Phase, JP Nagar, Bangalore
212/A, 1st Main Road, Stage 2, Indiranagar, Bangalore
27th Main, Near NIFT, Sector-1, HSR, Bangalore
13th Cross, 24th Main, Opposite Assetz Apartment, 1st Sector, HSR, Bangalore
99/2A, Kothnoor Main Road, Opposite RBI Layout Bus Stop, 7th Phase, JP Nagar, Bangalore
2628, 27th Main Road, 1st Sector, HSR Layout, Bangalore, HSR, Bangalore
127, Kadubisannhalli, Panathur Main Road, Marathahalli, Bangalore
18, Prakruthi Enclave, Panathur Road, Kadubeesanahalli, Marathahalli, Bangalore
595, Ground Floor, Kundalahalli, Varthur Hobli Mahadevpura, Marathahalli, Bangalore
77 Town Center, Yemalur Road, Marathahalli Village, Marathahalli, Bangalore
27th Main road, Sriven Teesta, Near Raymond?s Showroom HSR, Bangalore
20\5, Panathur Junction, Outer Ring Road, Kadubeessanahalli, Marathahalli, Bangalore
12th Main, HAL 2nd Stage, ESI To Domlur, Service Road, Indiranagar, Bangalore
1543, 7th Cross, 19th Main, 1st Sector, HSR, Bangalore
8/ 9, 17th F Cross, 2nd Stage, Indiranagar, Bengaluru
2318, 27th Main Road, 1st Sector, HSR, Bangalore
1260 SY 35/4 SJR Tower's, JP Nagar 7th Phase, 24th Main Puttanhalli, JP Nagar, Bangalore
2610, 27th Main, Near NIFT, HSR Layout, HSR, Bangalore
36, Off MG Road, Church Street, Bangalore
2606, Ground Floor, The Ambience Building, 16th Cross, 27th Main, Sector 1, HSR, Bangalore
12th Main Road Junction, Double Road, Indiranagar, Bangalore
2/1 Unit 6, Hoodi Kodigehalli Road, Opposite Crystal Apartment, KR Puram, Bangalore
41, Kadubeesanahalli, Marathahalli, Bangalore
46, Church Street, Bangalore
680-669, 13th Cross Rd, 1st Sector, HSR Layout, Bengaluru, Karnataka
Basement 2064, Siri Iris Building, 24th Main, N.R.T.A Enclave, HSR, Bangalore
20/5, Outer Ring Road, Kadubeesanahalli, Marathahalli, Bangalore
Amoolya, 1st Floor, 24th Main, 6th Phase, JP Nagar, Bangalore
1554, Ground Floor, 19th Main, Sector 1, HSR, Bangalore
712, 6th Cross, 5th Main, Off 80 Feet Road, Indiranagar, Bangalore
50/1, Haridevpur, Shantala Nagar, Ashok Nagar, Church Street, Bangalore
88, 1st Floor, VIMS Hospital Building, Outer Ring Road, Marathahalli, Bangalore
Shop 217, 2nd main road, Kadubeesanahalli Croma, Back Side road Near Kumbeshwara Temple Marathahalli, Bangalore
Shop 1, 129, 24th Main, 5th Phase, JP Nagar, Bangalore
7th Cross, Sector 1, HSR, Bangalore
46, Church Street, Bangalore
949, 12th Main, Ground Floor, Off 100 Feet Road, Indiranagar, Bangalore
7, Anurhh Arcade, Hoodi Road, Kodigehalli Road, KR Puram, Bangalore
57, 15th Cross Road, Outer Ring Road, Phase 6, JP Nagar, Bangalore
Shop 5, LNR Building, Harlur Road, HSR, Bangalore
Someshwara Bhavan, RBI Layout, 7th Phase, Kothnur Main Road, JP Nagar, Bangalore
Site 15, 15th Cross, 100 Feet Road, 4th Phase, JP Nagar, Bangalore
76, Shruthi Layout, Basavanapura Main Road, KR Puram, Bangalore
88, Outer Ring Road, Next To More Mega Store, Marathahalli, Bangalore
44-45, Terrace Floor, 24th Main Road, 7th phase, JP Nagar, Bangalore
48, Triumph Towers, Church Street, Bangalore